"Core","SampleAssignment","Moisture","Wetting","Suction","Homogenization","Amendments","class","abund","total","relabund"
1,"1.5-fm-precip-control-Homogenized","fm","precip",1.5,"Homogenized","control","aliphatic",695,1959,35.48
1,"1.5-fm-precip-control-Homogenized","fm","precip",1.5,"Homogenized","control","aromatic",183,1959,9.34
1,"1.5-fm-precip-control-Homogenized","fm","precip",1.5,"Homogenized","control","condensed_arom",291,1959,14.85
1,"1.5-fm-precip-control-Homogenized","fm","precip",1.5,"Homogenized","control","unsaturated/lignin",790,1959,40.33
1,"1.5-fm-precip-control-Intact","fm","precip",1.5,"Intact","control","aliphatic",147,330,44.55
1,"1.5-fm-precip-control-Intact","fm","precip",1.5,"Intact","control","aromatic",6,330,1.82
1,"1.5-fm-precip-control-Intact","fm","precip",1.5,"Intact","control","condensed_arom",30,330,9.09
1,"1.5-fm-precip-control-Intact","fm","precip",1.5,"Intact","control","unsaturated/lignin",147,330,44.55
1,"50-fm-precip-control-Intact","fm","precip",50,"Intact","control","aliphatic",132,501,26.35
1,"50-fm-precip-control-Intact","fm","precip",50,"Intact","control","aromatic",47,501,9.38
1,"50-fm-precip-control-Intact","fm","precip",50,"Intact","control","condensed_arom",93,501,18.56
1,"50-fm-precip-control-Intact","fm","precip",50,"Intact","control","unsaturated/lignin",229,501,45.71
3,"1.5-fm-precip-C-Homogenized","fm","precip",1.5,"Homogenized","C","aliphatic",78,153,50.98
3,"1.5-fm-precip-C-Homogenized","fm","precip",1.5,"Homogenized","C","aromatic",7,153,4.58
3,"1.5-fm-precip-C-Homogenized","fm","precip",1.5,"Homogenized","C","condensed_arom",23,153,15.03
3,"1.5-fm-precip-C-Homogenized","fm","precip",1.5,"Homogenized","C","unsaturated/lignin",45,153,29.41
3,"1.5-fm-precip-C-Intact","fm","precip",1.5,"Intact","C","aliphatic",218,760,28.68
3,"1.5-fm-precip-C-Intact","fm","precip",1.5,"Intact","C","aromatic",21,760,2.76
3,"1.5-fm-precip-C-Intact","fm","precip",1.5,"Intact","C","condensed_arom",147,760,19.34
3,"1.5-fm-precip-C-Intact","fm","precip",1.5,"Intact","C","unsaturated/lignin",374,760,49.21
3,"50-fm-precip-C-Homogenized","fm","precip",50,"Homogenized","C","aliphatic",415,3547,11.7
3,"50-fm-precip-C-Homogenized","fm","precip",50,"Homogenized","C","aromatic",736,3547,20.75
3,"50-fm-precip-C-Homogenized","fm","precip",50,"Homogenized","C","condensed_arom",744,3547,20.98
3,"50-fm-precip-C-Homogenized","fm","precip",50,"Homogenized","C","unsaturated/lignin",1652,3547,46.57
3,"50-fm-precip-C-Intact","fm","precip",50,"Intact","C","aliphatic",955,3477,27.47
3,"50-fm-precip-C-Intact","fm","precip",50,"Intact","C","aromatic",471,3477,13.55
3,"50-fm-precip-C-Intact","fm","precip",50,"Intact","C","condensed_arom",320,3477,9.2
3,"50-fm-precip-C-Intact","fm","precip",50,"Intact","C","unsaturated/lignin",1731,3477,49.78
4,"1.5-drought-groundw-N-Homogenized","drought","groundw",1.5,"Homogenized","N","aliphatic",285,947,30.1
4,"1.5-drought-groundw-N-Homogenized","drought","groundw",1.5,"Homogenized","N","aromatic",103,947,10.88
4,"1.5-drought-groundw-N-Homogenized","drought","groundw",1.5,"Homogenized","N","condensed_arom",171,947,18.06
4,"1.5-drought-groundw-N-Homogenized","drought","groundw",1.5,"Homogenized","N","unsaturated/lignin",388,947,40.97
4,"1.5-drought-groundw-N-Intact","drought","groundw",1.5,"Intact","N","aliphatic",50,151,33.11
4,"1.5-drought-groundw-N-Intact","drought","groundw",1.5,"Intact","N","aromatic",6,151,3.97
4,"1.5-drought-groundw-N-Intact","drought","groundw",1.5,"Intact","N","condensed_arom",29,151,19.21
4,"1.5-drought-groundw-N-Intact","drought","groundw",1.5,"Intact","N","unsaturated/lignin",66,151,43.71
4,"50-drought-groundw-N-Homogenized","drought","groundw",50,"Homogenized","N","aliphatic",154,365,42.19
4,"50-drought-groundw-N-Homogenized","drought","groundw",50,"Homogenized","N","aromatic",24,365,6.58
4,"50-drought-groundw-N-Homogenized","drought","groundw",50,"Homogenized","N","condensed_arom",43,365,11.78
4,"50-drought-groundw-N-Homogenized","drought","groundw",50,"Homogenized","N","unsaturated/lignin",144,365,39.45
5,"1.5-drought-precip-N-Homogenized","drought","precip",1.5,"Homogenized","N","aliphatic",205,976,21
5,"1.5-drought-precip-N-Homogenized","drought","precip",1.5,"Homogenized","N","aromatic",180,976,18.44
5,"1.5-drought-precip-N-Homogenized","drought","precip",1.5,"Homogenized","N","condensed_arom",158,976,16.19
5,"1.5-drought-precip-N-Homogenized","drought","precip",1.5,"Homogenized","N","unsaturated/lignin",433,976,44.36
5,"1.5-drought-precip-N-Intact","drought","precip",1.5,"Intact","N","aliphatic",392,1443,27.17
5,"1.5-drought-precip-N-Intact","drought","precip",1.5,"Intact","N","aromatic",118,1443,8.18
5,"1.5-drought-precip-N-Intact","drought","precip",1.5,"Intact","N","condensed_arom",206,1443,14.28
5,"1.5-drought-precip-N-Intact","drought","precip",1.5,"Intact","N","unsaturated/lignin",727,1443,50.38
5,"50-drought-precip-N-Homogenized","drought","precip",50,"Homogenized","N","aliphatic",415,2598,15.97
5,"50-drought-precip-N-Homogenized","drought","precip",50,"Homogenized","N","aromatic",601,2598,23.13
5,"50-drought-precip-N-Homogenized","drought","precip",50,"Homogenized","N","condensed_arom",333,2598,12.82
5,"50-drought-precip-N-Homogenized","drought","precip",50,"Homogenized","N","unsaturated/lignin",1249,2598,48.08
5,"50-drought-precip-N-Intact","drought","precip",50,"Intact","N","aliphatic",577,1939,29.76
5,"50-drought-precip-N-Intact","drought","precip",50,"Intact","N","aromatic",146,1939,7.53
5,"50-drought-precip-N-Intact","drought","precip",50,"Intact","N","condensed_arom",230,1939,11.86
5,"50-drought-precip-N-Intact","drought","precip",50,"Intact","N","unsaturated/lignin",986,1939,50.85
6,"1.5-fm-groundw-C-Homogenized","fm","groundw",1.5,"Homogenized","C","aliphatic",388,1069,36.3
6,"1.5-fm-groundw-C-Homogenized","fm","groundw",1.5,"Homogenized","C","aromatic",115,1069,10.76
6,"1.5-fm-groundw-C-Homogenized","fm","groundw",1.5,"Homogenized","C","condensed_arom",118,1069,11.04
6,"1.5-fm-groundw-C-Homogenized","fm","groundw",1.5,"Homogenized","C","unsaturated/lignin",448,1069,41.91
6,"1.5-fm-groundw-C-Intact","fm","groundw",1.5,"Intact","C","aliphatic",220,645,34.11
6,"1.5-fm-groundw-C-Intact","fm","groundw",1.5,"Intact","C","aromatic",43,645,6.67
6,"1.5-fm-groundw-C-Intact","fm","groundw",1.5,"Intact","C","condensed_arom",152,645,23.57
6,"1.5-fm-groundw-C-Intact","fm","groundw",1.5,"Intact","C","unsaturated/lignin",230,645,35.66
6,"50-fm-groundw-C-Homogenized","fm","groundw",50,"Homogenized","C","aliphatic",361,1722,20.96
6,"50-fm-groundw-C-Homogenized","fm","groundw",50,"Homogenized","C","aromatic",284,1722,16.49
6,"50-fm-groundw-C-Homogenized","fm","groundw",50,"Homogenized","C","condensed_arom",290,1722,16.84
6,"50-fm-groundw-C-Homogenized","fm","groundw",50,"Homogenized","C","unsaturated/lignin",787,1722,45.7
6,"50-fm-groundw-C-Intact","fm","groundw",50,"Intact","C","aliphatic",414,1162,35.63
6,"50-fm-groundw-C-Intact","fm","groundw",50,"Intact","C","aromatic",51,1162,4.39
6,"50-fm-groundw-C-Intact","fm","groundw",50,"Intact","C","condensed_arom",40,1162,3.44
6,"50-fm-groundw-C-Intact","fm","groundw",50,"Intact","C","unsaturated/lignin",657,1162,56.54
7,"1.5-drought-groundw-C-Homogenized","drought","groundw",1.5,"Homogenized","C","aliphatic",373,2285,16.32
7,"1.5-drought-groundw-C-Homogenized","drought","groundw",1.5,"Homogenized","C","aromatic",452,2285,19.78
7,"1.5-drought-groundw-C-Homogenized","drought","groundw",1.5,"Homogenized","C","condensed_arom",414,2285,18.12
7,"1.5-drought-groundw-C-Homogenized","drought","groundw",1.5,"Homogenized","C","unsaturated/lignin",1046,2285,45.78
7,"50-drought-groundw-C-Homogenized","drought","groundw",50,"Homogenized","C","aliphatic",570,3757,15.17
7,"50-drought-groundw-C-Homogenized","drought","groundw",50,"Homogenized","C","aromatic",814,3757,21.67
7,"50-drought-groundw-C-Homogenized","drought","groundw",50,"Homogenized","C","condensed_arom",710,3757,18.9
7,"50-drought-groundw-C-Homogenized","drought","groundw",50,"Homogenized","C","unsaturated/lignin",1663,3757,44.26
7,"50-drought-groundw-C-Intact","drought","groundw",50,"Intact","C","aliphatic",781,2932,26.64
7,"50-drought-groundw-C-Intact","drought","groundw",50,"Intact","C","aromatic",481,2932,16.41
7,"50-drought-groundw-C-Intact","drought","groundw",50,"Intact","C","condensed_arom",256,2932,8.73
7,"50-drought-groundw-C-Intact","drought","groundw",50,"Intact","C","unsaturated/lignin",1414,2932,48.23
8,"1.5-fm-groundw-control-Homogenized","fm","groundw",1.5,"Homogenized","control","aliphatic",328,1142,28.72
8,"1.5-fm-groundw-control-Homogenized","fm","groundw",1.5,"Homogenized","control","aromatic",92,1142,8.06
8,"1.5-fm-groundw-control-Homogenized","fm","groundw",1.5,"Homogenized","control","condensed_arom",185,1142,16.2
8,"1.5-fm-groundw-control-Homogenized","fm","groundw",1.5,"Homogenized","control","unsaturated/lignin",537,1142,47.02
8,"1.5-fm-groundw-control-Intact","fm","groundw",1.5,"Intact","control","aliphatic",326,997,32.7
8,"1.5-fm-groundw-control-Intact","fm","groundw",1.5,"Intact","control","aromatic",66,997,6.62
8,"1.5-fm-groundw-control-Intact","fm","groundw",1.5,"Intact","control","condensed_arom",137,997,13.74
8,"1.5-fm-groundw-control-Intact","fm","groundw",1.5,"Intact","control","unsaturated/lignin",468,997,46.94
8,"50-fm-groundw-control-Homogenized","fm","groundw",50,"Homogenized","control","aliphatic",457,3040,15.03
8,"50-fm-groundw-control-Homogenized","fm","groundw",50,"Homogenized","control","aromatic",707,3040,23.26
8,"50-fm-groundw-control-Homogenized","fm","groundw",50,"Homogenized","control","condensed_arom",459,3040,15.1
8,"50-fm-groundw-control-Homogenized","fm","groundw",50,"Homogenized","control","unsaturated/lignin",1417,3040,46.61
8,"50-fm-groundw-control-Intact","fm","groundw",50,"Intact","control","aliphatic",292,1421,20.55
8,"50-fm-groundw-control-Intact","fm","groundw",50,"Intact","control","aromatic",248,1421,17.45
8,"50-fm-groundw-control-Intact","fm","groundw",50,"Intact","control","condensed_arom",105,1421,7.39
8,"50-fm-groundw-control-Intact","fm","groundw",50,"Intact","control","unsaturated/lignin",776,1421,54.61
10,"1.5-drought-precip-C-Intact","drought","precip",1.5,"Intact","C","aliphatic",523,1480,35.34
10,"1.5-drought-precip-C-Intact","drought","precip",1.5,"Intact","C","aromatic",87,1480,5.88
10,"1.5-drought-precip-C-Intact","drought","precip",1.5,"Intact","C","condensed_arom",165,1480,11.15
10,"1.5-drought-precip-C-Intact","drought","precip",1.5,"Intact","C","unsaturated/lignin",705,1480,47.64
10,"50-drought-precip-C-Homogenized","drought","precip",50,"Homogenized","C","aliphatic",187,521,35.89
10,"50-drought-precip-C-Homogenized","drought","precip",50,"Homogenized","C","aromatic",31,521,5.95
10,"50-drought-precip-C-Homogenized","drought","precip",50,"Homogenized","C","condensed_arom",90,521,17.27
10,"50-drought-precip-C-Homogenized","drought","precip",50,"Homogenized","C","unsaturated/lignin",213,521,40.88
10,"50-drought-precip-C-Intact","drought","precip",50,"Intact","C","aliphatic",714,2823,25.29
10,"50-drought-precip-C-Intact","drought","precip",50,"Intact","C","aromatic",349,2823,12.36
10,"50-drought-precip-C-Intact","drought","precip",50,"Intact","C","condensed_arom",241,2823,8.54
10,"50-drought-precip-C-Intact","drought","precip",50,"Intact","C","unsaturated/lignin",1519,2823,53.81
12,"1.5-fm-precip-N-Homogenized","fm","precip",1.5,"Homogenized","N","aliphatic",241,619,38.93
12,"1.5-fm-precip-N-Homogenized","fm","precip",1.5,"Homogenized","N","aromatic",23,619,3.72
12,"1.5-fm-precip-N-Homogenized","fm","precip",1.5,"Homogenized","N","condensed_arom",166,619,26.82
12,"1.5-fm-precip-N-Homogenized","fm","precip",1.5,"Homogenized","N","unsaturated/lignin",189,619,30.53
12,"1.5-fm-precip-N-Intact","fm","precip",1.5,"Intact","N","aliphatic",89,354,25.14
12,"1.5-fm-precip-N-Intact","fm","precip",1.5,"Intact","N","aromatic",9,354,2.54
12,"1.5-fm-precip-N-Intact","fm","precip",1.5,"Intact","N","condensed_arom",45,354,12.71
12,"1.5-fm-precip-N-Intact","fm","precip",1.5,"Intact","N","unsaturated/lignin",211,354,59.6
12,"50-fm-precip-N-Homogenized","fm","precip",50,"Homogenized","N","aliphatic",105,335,31.34
12,"50-fm-precip-N-Homogenized","fm","precip",50,"Homogenized","N","aromatic",19,335,5.67
12,"50-fm-precip-N-Homogenized","fm","precip",50,"Homogenized","N","condensed_arom",126,335,37.61
12,"50-fm-precip-N-Homogenized","fm","precip",50,"Homogenized","N","unsaturated/lignin",85,335,25.37
12,"50-fm-precip-N-Intact","fm","precip",50,"Intact","N","aliphatic",427,1519,28.11
12,"50-fm-precip-N-Intact","fm","precip",50,"Intact","N","aromatic",142,1519,9.35
12,"50-fm-precip-N-Intact","fm","precip",50,"Intact","N","condensed_arom",226,1519,14.88
12,"50-fm-precip-N-Intact","fm","precip",50,"Intact","N","unsaturated/lignin",724,1519,47.66
13,"1.5-fm-groundw-N-Homogenized","fm","groundw",1.5,"Homogenized","N","aliphatic",109,362,30.11
13,"1.5-fm-groundw-N-Homogenized","fm","groundw",1.5,"Homogenized","N","aromatic",18,362,4.97
13,"1.5-fm-groundw-N-Homogenized","fm","groundw",1.5,"Homogenized","N","condensed_arom",61,362,16.85
13,"1.5-fm-groundw-N-Homogenized","fm","groundw",1.5,"Homogenized","N","unsaturated/lignin",174,362,48.07
13,"1.5-fm-groundw-N-Intact","fm","groundw",1.5,"Intact","N","aliphatic",593,1142,51.93
13,"1.5-fm-groundw-N-Intact","fm","groundw",1.5,"Intact","N","aromatic",100,1142,8.76
13,"1.5-fm-groundw-N-Intact","fm","groundw",1.5,"Intact","N","condensed_arom",128,1142,11.21
13,"1.5-fm-groundw-N-Intact","fm","groundw",1.5,"Intact","N","unsaturated/lignin",321,1142,28.11
13,"50-fm-groundw-N-Homogenized","fm","groundw",50,"Homogenized","N","aliphatic",64,331,19.34
13,"50-fm-groundw-N-Homogenized","fm","groundw",50,"Homogenized","N","aromatic",6,331,1.81
13,"50-fm-groundw-N-Homogenized","fm","groundw",50,"Homogenized","N","condensed_arom",18,331,5.44
13,"50-fm-groundw-N-Homogenized","fm","groundw",50,"Homogenized","N","unsaturated/lignin",243,331,73.41
13,"50-fm-groundw-N-Intact","fm","groundw",50,"Intact","N","aliphatic",348,1354,25.7
13,"50-fm-groundw-N-Intact","fm","groundw",50,"Intact","N","aromatic",193,1354,14.25
13,"50-fm-groundw-N-Intact","fm","groundw",50,"Intact","N","condensed_arom",152,1354,11.23
13,"50-fm-groundw-N-Intact","fm","groundw",50,"Intact","N","unsaturated/lignin",661,1354,48.82
14,"1.5-drought-precip-control-Homogenized","drought","precip",1.5,"Homogenized","control","aliphatic",117,345,33.91
14,"1.5-drought-precip-control-Homogenized","drought","precip",1.5,"Homogenized","control","aromatic",16,345,4.64
14,"1.5-drought-precip-control-Homogenized","drought","precip",1.5,"Homogenized","control","condensed_arom",53,345,15.36
14,"1.5-drought-precip-control-Homogenized","drought","precip",1.5,"Homogenized","control","unsaturated/lignin",159,345,46.09
14,"1.5-drought-precip-control-Intact","drought","precip",1.5,"Intact","control","aliphatic",384,1400,27.43
14,"1.5-drought-precip-control-Intact","drought","precip",1.5,"Intact","control","aromatic",81,1400,5.79
14,"1.5-drought-precip-control-Intact","drought","precip",1.5,"Intact","control","condensed_arom",168,1400,12
14,"1.5-drought-precip-control-Intact","drought","precip",1.5,"Intact","control","unsaturated/lignin",767,1400,54.79
14,"50-drought-precip-control-Homogenized","drought","precip",50,"Homogenized","control","aliphatic",197,917,21.48
14,"50-drought-precip-control-Homogenized","drought","precip",50,"Homogenized","control","aromatic",97,917,10.58
14,"50-drought-precip-control-Homogenized","drought","precip",50,"Homogenized","control","condensed_arom",65,917,7.09
14,"50-drought-precip-control-Homogenized","drought","precip",50,"Homogenized","control","unsaturated/lignin",558,917,60.85
14,"50-drought-precip-control-Intact","drought","precip",50,"Intact","control","aliphatic",353,2026,17.42
14,"50-drought-precip-control-Intact","drought","precip",50,"Intact","control","aromatic",430,2026,21.22
14,"50-drought-precip-control-Intact","drought","precip",50,"Intact","control","condensed_arom",135,2026,6.66
14,"50-drought-precip-control-Intact","drought","precip",50,"Intact","control","unsaturated/lignin",1108,2026,54.69
15,"1.5-drought-groundw-control-Intact","drought","groundw",1.5,"Intact","control","aliphatic",97,240,40.42
15,"1.5-drought-groundw-control-Intact","drought","groundw",1.5,"Intact","control","aromatic",10,240,4.17
15,"1.5-drought-groundw-control-Intact","drought","groundw",1.5,"Intact","control","condensed_arom",39,240,16.25
15,"1.5-drought-groundw-control-Intact","drought","groundw",1.5,"Intact","control","unsaturated/lignin",94,240,39.17
15,"50-drought-groundw-control-Homogenized","drought","groundw",50,"Homogenized","control","aliphatic",455,1809,25.15
15,"50-drought-groundw-control-Homogenized","drought","groundw",50,"Homogenized","control","aromatic",241,1809,13.32
15,"50-drought-groundw-control-Homogenized","drought","groundw",50,"Homogenized","control","condensed_arom",185,1809,10.23
15,"50-drought-groundw-control-Homogenized","drought","groundw",50,"Homogenized","control","unsaturated/lignin",928,1809,51.3
15,"50-drought-groundw-control-Intact","drought","groundw",50,"Intact","control","aliphatic",106,884,11.99
15,"50-drought-groundw-control-Intact","drought","groundw",50,"Intact","control","aromatic",80,884,9.05
15,"50-drought-groundw-control-Intact","drought","groundw",50,"Intact","control","condensed_arom",192,884,21.72
15,"50-drought-groundw-control-Intact","drought","groundw",50,"Intact","control","unsaturated/lignin",506,884,57.24
17,"1.5-drought-precip-control-Homogenized","drought","precip",1.5,"Homogenized","control","aliphatic",367,1833,20.02
17,"1.5-drought-precip-control-Homogenized","drought","precip",1.5,"Homogenized","control","aromatic",266,1833,14.51
17,"1.5-drought-precip-control-Homogenized","drought","precip",1.5,"Homogenized","control","condensed_arom",197,1833,10.75
17,"1.5-drought-precip-control-Homogenized","drought","precip",1.5,"Homogenized","control","unsaturated/lignin",1003,1833,54.72
17,"1.5-drought-precip-control-Intact","drought","precip",1.5,"Intact","control","aliphatic",394,1415,27.84
17,"1.5-drought-precip-control-Intact","drought","precip",1.5,"Intact","control","aromatic",90,1415,6.36
17,"1.5-drought-precip-control-Intact","drought","precip",1.5,"Intact","control","condensed_arom",152,1415,10.74
17,"1.5-drought-precip-control-Intact","drought","precip",1.5,"Intact","control","unsaturated/lignin",779,1415,55.05
17,"50-drought-precip-control-Homogenized","drought","precip",50,"Homogenized","control","aliphatic",249,1473,16.9
17,"50-drought-precip-control-Homogenized","drought","precip",50,"Homogenized","control","aromatic",252,1473,17.11
17,"50-drought-precip-control-Homogenized","drought","precip",50,"Homogenized","control","condensed_arom",145,1473,9.84
17,"50-drought-precip-control-Homogenized","drought","precip",50,"Homogenized","control","unsaturated/lignin",827,1473,56.14
17,"50-drought-precip-control-Intact","drought","precip",50,"Intact","control","aliphatic",369,2140,17.24
17,"50-drought-precip-control-Intact","drought","precip",50,"Intact","control","aromatic",351,2140,16.4
17,"50-drought-precip-control-Intact","drought","precip",50,"Intact","control","condensed_arom",237,2140,11.07
17,"50-drought-precip-control-Intact","drought","precip",50,"Intact","control","unsaturated/lignin",1183,2140,55.28
18,"1.5-fm-precip-control-Homogenized","fm","precip",1.5,"Homogenized","control","aliphatic",323,1246,25.92
18,"1.5-fm-precip-control-Homogenized","fm","precip",1.5,"Homogenized","control","aromatic",187,1246,15.01
18,"1.5-fm-precip-control-Homogenized","fm","precip",1.5,"Homogenized","control","condensed_arom",142,1246,11.4
18,"1.5-fm-precip-control-Homogenized","fm","precip",1.5,"Homogenized","control","unsaturated/lignin",594,1246,47.67
18,"1.5-fm-precip-control-Intact","fm","precip",1.5,"Intact","control","aliphatic",280,694,40.35
18,"1.5-fm-precip-control-Intact","fm","precip",1.5,"Intact","control","aromatic",19,694,2.74
18,"1.5-fm-precip-control-Intact","fm","precip",1.5,"Intact","control","condensed_arom",89,694,12.82
18,"1.5-fm-precip-control-Intact","fm","precip",1.5,"Intact","control","unsaturated/lignin",306,694,44.09
18,"50-fm-precip-control-Homogenized","fm","precip",50,"Homogenized","control","aliphatic",705,2408,29.28
18,"50-fm-precip-control-Homogenized","fm","precip",50,"Homogenized","control","aromatic",342,2408,14.2
18,"50-fm-precip-control-Homogenized","fm","precip",50,"Homogenized","control","condensed_arom",360,2408,14.95
18,"50-fm-precip-control-Homogenized","fm","precip",50,"Homogenized","control","unsaturated/lignin",1001,2408,41.57
18,"50-fm-precip-control-Intact","fm","precip",50,"Intact","control","aliphatic",397,1418,28
18,"50-fm-precip-control-Intact","fm","precip",50,"Intact","control","aromatic",135,1418,9.52
18,"50-fm-precip-control-Intact","fm","precip",50,"Intact","control","condensed_arom",236,1418,16.64
18,"50-fm-precip-control-Intact","fm","precip",50,"Intact","control","unsaturated/lignin",650,1418,45.84
19,"1.5-fm-precip-C-Homogenized","fm","precip",1.5,"Homogenized","C","aliphatic",317,893,35.5
19,"1.5-fm-precip-C-Homogenized","fm","precip",1.5,"Homogenized","C","aromatic",91,893,10.19
19,"1.5-fm-precip-C-Homogenized","fm","precip",1.5,"Homogenized","C","condensed_arom",127,893,14.22
19,"1.5-fm-precip-C-Homogenized","fm","precip",1.5,"Homogenized","C","unsaturated/lignin",358,893,40.09
19,"1.5-fm-precip-C-Intact","fm","precip",1.5,"Intact","C","aliphatic",195,575,33.91
19,"1.5-fm-precip-C-Intact","fm","precip",1.5,"Intact","C","aromatic",18,575,3.13
19,"1.5-fm-precip-C-Intact","fm","precip",1.5,"Intact","C","condensed_arom",148,575,25.74
19,"1.5-fm-precip-C-Intact","fm","precip",1.5,"Intact","C","unsaturated/lignin",214,575,37.22
19,"50-fm-precip-C-Homogenized","fm","precip",50,"Homogenized","C","aliphatic",326,2792,11.68
19,"50-fm-precip-C-Homogenized","fm","precip",50,"Homogenized","C","aromatic",656,2792,23.5
19,"50-fm-precip-C-Homogenized","fm","precip",50,"Homogenized","C","condensed_arom",788,2792,28.22
19,"50-fm-precip-C-Homogenized","fm","precip",50,"Homogenized","C","unsaturated/lignin",1022,2792,36.6
19,"50-fm-precip-C-Intact","fm","precip",50,"Intact","C","aliphatic",1000,3703,27.01
19,"50-fm-precip-C-Intact","fm","precip",50,"Intact","C","aromatic",484,3703,13.07
19,"50-fm-precip-C-Intact","fm","precip",50,"Intact","C","condensed_arom",356,3703,9.61
19,"50-fm-precip-C-Intact","fm","precip",50,"Intact","C","unsaturated/lignin",1863,3703,50.31
20,"1.5-drought-groundw-C-Homogenized","drought","groundw",1.5,"Homogenized","C","aliphatic",308,1435,21.46
20,"1.5-drought-groundw-C-Homogenized","drought","groundw",1.5,"Homogenized","C","aromatic",204,1435,14.22
20,"1.5-drought-groundw-C-Homogenized","drought","groundw",1.5,"Homogenized","C","condensed_arom",246,1435,17.14
20,"1.5-drought-groundw-C-Homogenized","drought","groundw",1.5,"Homogenized","C","unsaturated/lignin",677,1435,47.18
20,"1.5-drought-groundw-C-Intact","drought","groundw",1.5,"Intact","C","aliphatic",524,1818,28.82
20,"1.5-drought-groundw-C-Intact","drought","groundw",1.5,"Intact","C","aromatic",263,1818,14.47
20,"1.5-drought-groundw-C-Intact","drought","groundw",1.5,"Intact","C","condensed_arom",89,1818,4.9
20,"1.5-drought-groundw-C-Intact","drought","groundw",1.5,"Intact","C","unsaturated/lignin",942,1818,51.82
20,"50-drought-groundw-C-Homogenized","drought","groundw",50,"Homogenized","C","aliphatic",581,3779,15.37
20,"50-drought-groundw-C-Homogenized","drought","groundw",50,"Homogenized","C","aromatic",839,3779,22.2
20,"50-drought-groundw-C-Homogenized","drought","groundw",50,"Homogenized","C","condensed_arom",673,3779,17.81
20,"50-drought-groundw-C-Homogenized","drought","groundw",50,"Homogenized","C","unsaturated/lignin",1686,3779,44.61
20,"50-drought-groundw-C-Intact","drought","groundw",50,"Intact","C","aliphatic",76,171,44.44
20,"50-drought-groundw-C-Intact","drought","groundw",50,"Intact","C","aromatic",9,171,5.26
20,"50-drought-groundw-C-Intact","drought","groundw",50,"Intact","C","condensed_arom",41,171,23.98
20,"50-drought-groundw-C-Intact","drought","groundw",50,"Intact","C","unsaturated/lignin",45,171,26.32
22,"1.5-fm-groundw-C-Homogenized","fm","groundw",1.5,"Homogenized","C","aliphatic",338,795,42.52
22,"1.5-fm-groundw-C-Homogenized","fm","groundw",1.5,"Homogenized","C","aromatic",36,795,4.53
22,"1.5-fm-groundw-C-Homogenized","fm","groundw",1.5,"Homogenized","C","condensed_arom",196,795,24.65
22,"1.5-fm-groundw-C-Homogenized","fm","groundw",1.5,"Homogenized","C","unsaturated/lignin",225,795,28.3
22,"1.5-fm-groundw-C-Intact","fm","groundw",1.5,"Intact","C","aliphatic",283,683,41.43
22,"1.5-fm-groundw-C-Intact","fm","groundw",1.5,"Intact","C","aromatic",44,683,6.44
22,"1.5-fm-groundw-C-Intact","fm","groundw",1.5,"Intact","C","condensed_arom",99,683,14.49
22,"1.5-fm-groundw-C-Intact","fm","groundw",1.5,"Intact","C","unsaturated/lignin",257,683,37.63
22,"50-fm-groundw-C-Homogenized","fm","groundw",50,"Homogenized","C","aliphatic",356,905,39.34
22,"50-fm-groundw-C-Homogenized","fm","groundw",50,"Homogenized","C","aromatic",106,905,11.71
22,"50-fm-groundw-C-Homogenized","fm","groundw",50,"Homogenized","C","condensed_arom",135,905,14.92
22,"50-fm-groundw-C-Homogenized","fm","groundw",50,"Homogenized","C","unsaturated/lignin",308,905,34.03
22,"50-fm-groundw-C-Intact","fm","groundw",50,"Intact","C","aliphatic",455,1299,35.03
22,"50-fm-groundw-C-Intact","fm","groundw",50,"Intact","C","aromatic",62,1299,4.77
22,"50-fm-groundw-C-Intact","fm","groundw",50,"Intact","C","condensed_arom",111,1299,8.55
22,"50-fm-groundw-C-Intact","fm","groundw",50,"Intact","C","unsaturated/lignin",671,1299,51.66
24,"1.5-drought-groundw-N-Homogenized","drought","groundw",1.5,"Homogenized","N","aliphatic",455,1817,25.04
24,"1.5-drought-groundw-N-Homogenized","drought","groundw",1.5,"Homogenized","N","aromatic",242,1817,13.32
24,"1.5-drought-groundw-N-Homogenized","drought","groundw",1.5,"Homogenized","N","condensed_arom",191,1817,10.51
24,"1.5-drought-groundw-N-Homogenized","drought","groundw",1.5,"Homogenized","N","unsaturated/lignin",929,1817,51.13
24,"1.5-drought-groundw-N-Intact","drought","groundw",1.5,"Intact","N","aliphatic",471,1297,36.31
24,"1.5-drought-groundw-N-Intact","drought","groundw",1.5,"Intact","N","aromatic",138,1297,10.64
24,"1.5-drought-groundw-N-Intact","drought","groundw",1.5,"Intact","N","condensed_arom",137,1297,10.56
24,"1.5-drought-groundw-N-Intact","drought","groundw",1.5,"Intact","N","unsaturated/lignin",551,1297,42.48
24,"50-drought-groundw-N-Homogenized","drought","groundw",50,"Homogenized","N","aliphatic",236,1249,18.9
24,"50-drought-groundw-N-Homogenized","drought","groundw",50,"Homogenized","N","aromatic",158,1249,12.65
24,"50-drought-groundw-N-Homogenized","drought","groundw",50,"Homogenized","N","condensed_arom",100,1249,8.01
24,"50-drought-groundw-N-Homogenized","drought","groundw",50,"Homogenized","N","unsaturated/lignin",755,1249,60.45
24,"50-drought-groundw-N-Intact","drought","groundw",50,"Intact","N","aliphatic",207,688,30.09
24,"50-drought-groundw-N-Intact","drought","groundw",50,"Intact","N","aromatic",31,688,4.51
24,"50-drought-groundw-N-Intact","drought","groundw",50,"Intact","N","condensed_arom",110,688,15.99
24,"50-drought-groundw-N-Intact","drought","groundw",50,"Intact","N","unsaturated/lignin",340,688,49.42
25,"1.5-drought-precip-N-Homogenized","drought","precip",1.5,"Homogenized","N","aliphatic",269,1206,22.31
25,"1.5-drought-precip-N-Homogenized","drought","precip",1.5,"Homogenized","N","aromatic",164,1206,13.6
25,"1.5-drought-precip-N-Homogenized","drought","precip",1.5,"Homogenized","N","condensed_arom",119,1206,9.87
25,"1.5-drought-precip-N-Homogenized","drought","precip",1.5,"Homogenized","N","unsaturated/lignin",654,1206,54.23
25,"1.5-drought-precip-N-Intact","drought","precip",1.5,"Intact","N","aliphatic",348,1285,27.08
25,"1.5-drought-precip-N-Intact","drought","precip",1.5,"Intact","N","aromatic",139,1285,10.82
25,"1.5-drought-precip-N-Intact","drought","precip",1.5,"Intact","N","condensed_arom",129,1285,10.04
25,"1.5-drought-precip-N-Intact","drought","precip",1.5,"Intact","N","unsaturated/lignin",669,1285,52.06
25,"50-drought-precip-N-Homogenized","drought","precip",50,"Homogenized","N","aliphatic",91,235,38.72
25,"50-drought-precip-N-Homogenized","drought","precip",50,"Homogenized","N","aromatic",13,235,5.53
25,"50-drought-precip-N-Homogenized","drought","precip",50,"Homogenized","N","condensed_arom",34,235,14.47
25,"50-drought-precip-N-Homogenized","drought","precip",50,"Homogenized","N","unsaturated/lignin",97,235,41.28
25,"50-drought-precip-N-Intact","drought","precip",50,"Intact","N","aliphatic",283,1366,20.72
25,"50-drought-precip-N-Intact","drought","precip",50,"Intact","N","aromatic",127,1366,9.3
25,"50-drought-precip-N-Intact","drought","precip",50,"Intact","N","condensed_arom",74,1366,5.42
25,"50-drought-precip-N-Intact","drought","precip",50,"Intact","N","unsaturated/lignin",882,1366,64.57
26,"1.5-fm-groundw-control-Homogenized","fm","groundw",1.5,"Homogenized","control","aliphatic",321,1117,28.74
26,"1.5-fm-groundw-control-Homogenized","fm","groundw",1.5,"Homogenized","control","aromatic",110,1117,9.85
26,"1.5-fm-groundw-control-Homogenized","fm","groundw",1.5,"Homogenized","control","condensed_arom",113,1117,10.12
26,"1.5-fm-groundw-control-Homogenized","fm","groundw",1.5,"Homogenized","control","unsaturated/lignin",573,1117,51.3
26,"1.5-fm-groundw-control-Intact","fm","groundw",1.5,"Intact","control","aliphatic",411,1196,34.36
26,"1.5-fm-groundw-control-Intact","fm","groundw",1.5,"Intact","control","aromatic",66,1196,5.52
26,"1.5-fm-groundw-control-Intact","fm","groundw",1.5,"Intact","control","condensed_arom",165,1196,13.8
26,"1.5-fm-groundw-control-Intact","fm","groundw",1.5,"Intact","control","unsaturated/lignin",554,1196,46.32
26,"50-fm-groundw-control-Homogenized","fm","groundw",50,"Homogenized","control","aliphatic",333,3166,10.52
26,"50-fm-groundw-control-Homogenized","fm","groundw",50,"Homogenized","control","aromatic",752,3166,23.75
26,"50-fm-groundw-control-Homogenized","fm","groundw",50,"Homogenized","control","condensed_arom",569,3166,17.97
26,"50-fm-groundw-control-Homogenized","fm","groundw",50,"Homogenized","control","unsaturated/lignin",1512,3166,47.76
26,"50-fm-groundw-control-Intact","fm","groundw",50,"Intact","control","aliphatic",171,598,28.6
26,"50-fm-groundw-control-Intact","fm","groundw",50,"Intact","control","aromatic",16,598,2.68
26,"50-fm-groundw-control-Intact","fm","groundw",50,"Intact","control","condensed_arom",29,598,4.85
26,"50-fm-groundw-control-Intact","fm","groundw",50,"Intact","control","unsaturated/lignin",382,598,63.88
27,"1.5-drought-groundw-control-Homogenized","drought","groundw",1.5,"Homogenized","control","aliphatic",271,2286,11.85
27,"1.5-drought-groundw-control-Homogenized","drought","groundw",1.5,"Homogenized","control","aromatic",480,2286,21
27,"1.5-drought-groundw-control-Homogenized","drought","groundw",1.5,"Homogenized","control","condensed_arom",474,2286,20.73
27,"1.5-drought-groundw-control-Homogenized","drought","groundw",1.5,"Homogenized","control","unsaturated/lignin",1061,2286,46.41
27,"1.5-drought-groundw-control-Intact","drought","groundw",1.5,"Intact","control","aliphatic",252,709,35.54
27,"1.5-drought-groundw-control-Intact","drought","groundw",1.5,"Intact","control","aromatic",37,709,5.22
27,"1.5-drought-groundw-control-Intact","drought","groundw",1.5,"Intact","control","condensed_arom",146,709,20.59
27,"1.5-drought-groundw-control-Intact","drought","groundw",1.5,"Intact","control","unsaturated/lignin",274,709,38.65
28,"1.5-fm-precip-N-Homogenized","fm","precip",1.5,"Homogenized","N","aliphatic",308,1053,29.25
28,"1.5-fm-precip-N-Homogenized","fm","precip",1.5,"Homogenized","N","aromatic",40,1053,3.8
28,"1.5-fm-precip-N-Homogenized","fm","precip",1.5,"Homogenized","N","condensed_arom",188,1053,17.85
28,"1.5-fm-precip-N-Homogenized","fm","precip",1.5,"Homogenized","N","unsaturated/lignin",517,1053,49.1
28,"1.5-fm-precip-N-Intact","fm","precip",1.5,"Intact","N","aliphatic",147,360,40.83
28,"1.5-fm-precip-N-Intact","fm","precip",1.5,"Intact","N","aromatic",9,360,2.5
28,"1.5-fm-precip-N-Intact","fm","precip",1.5,"Intact","N","condensed_arom",49,360,13.61
28,"1.5-fm-precip-N-Intact","fm","precip",1.5,"Intact","N","unsaturated/lignin",155,360,43.06
28,"50-fm-precip-N-Homogenized","fm","precip",50,"Homogenized","N","aliphatic",194,1142,16.99
28,"50-fm-precip-N-Homogenized","fm","precip",50,"Homogenized","N","aromatic",124,1142,10.86
28,"50-fm-precip-N-Homogenized","fm","precip",50,"Homogenized","N","condensed_arom",130,1142,11.38
28,"50-fm-precip-N-Homogenized","fm","precip",50,"Homogenized","N","unsaturated/lignin",694,1142,60.77
28,"50-fm-precip-N-Intact","fm","precip",50,"Intact","N","aliphatic",382,1490,25.64
28,"50-fm-precip-N-Intact","fm","precip",50,"Intact","N","aromatic",153,1490,10.27
28,"50-fm-precip-N-Intact","fm","precip",50,"Intact","N","condensed_arom",225,1490,15.1
28,"50-fm-precip-N-Intact","fm","precip",50,"Intact","N","unsaturated/lignin",730,1490,48.99
29,"1.5-drought-precip-C-Homogenized","drought","precip",1.5,"Homogenized","C","aliphatic",301,1235,24.37
29,"1.5-drought-precip-C-Homogenized","drought","precip",1.5,"Homogenized","C","aromatic",156,1235,12.63
29,"1.5-drought-precip-C-Homogenized","drought","precip",1.5,"Homogenized","C","condensed_arom",308,1235,24.94
29,"1.5-drought-precip-C-Homogenized","drought","precip",1.5,"Homogenized","C","unsaturated/lignin",470,1235,38.06
29,"1.5-drought-precip-C-Intact","drought","precip",1.5,"Intact","C","aliphatic",784,2297,34.13
29,"1.5-drought-precip-C-Intact","drought","precip",1.5,"Intact","C","aromatic",220,2297,9.58
29,"1.5-drought-precip-C-Intact","drought","precip",1.5,"Intact","C","condensed_arom",280,2297,12.19
29,"1.5-drought-precip-C-Intact","drought","precip",1.5,"Intact","C","unsaturated/lignin",1013,2297,44.1
29,"50-drought-precip-C-Homogenized","drought","precip",50,"Homogenized","C","aliphatic",218,2732,7.98
29,"50-drought-precip-C-Homogenized","drought","precip",50,"Homogenized","C","aromatic",717,2732,26.24
29,"50-drought-precip-C-Homogenized","drought","precip",50,"Homogenized","C","condensed_arom",637,2732,23.32
29,"50-drought-precip-C-Homogenized","drought","precip",50,"Homogenized","C","unsaturated/lignin",1160,2732,42.46
32,"1.5-fm-groundw-N-Homogenized","fm","groundw",1.5,"Homogenized","N","aliphatic",174,478,36.4
32,"1.5-fm-groundw-N-Homogenized","fm","groundw",1.5,"Homogenized","N","aromatic",25,478,5.23
32,"1.5-fm-groundw-N-Homogenized","fm","groundw",1.5,"Homogenized","N","condensed_arom",58,478,12.13
32,"1.5-fm-groundw-N-Homogenized","fm","groundw",1.5,"Homogenized","N","unsaturated/lignin",221,478,46.23
32,"1.5-fm-groundw-N-Intact","fm","groundw",1.5,"Intact","N","aliphatic",618,1208,51.16
32,"1.5-fm-groundw-N-Intact","fm","groundw",1.5,"Intact","N","aromatic",104,1208,8.61
32,"1.5-fm-groundw-N-Intact","fm","groundw",1.5,"Intact","N","condensed_arom",100,1208,8.28
32,"1.5-fm-groundw-N-Intact","fm","groundw",1.5,"Intact","N","unsaturated/lignin",386,1208,31.95
32,"50-fm-groundw-N-Homogenized","fm","groundw",50,"Homogenized","N","aliphatic",185,707,26.17
32,"50-fm-groundw-N-Homogenized","fm","groundw",50,"Homogenized","N","aromatic",29,707,4.1
32,"50-fm-groundw-N-Homogenized","fm","groundw",50,"Homogenized","N","condensed_arom",112,707,15.84
32,"50-fm-groundw-N-Homogenized","fm","groundw",50,"Homogenized","N","unsaturated/lignin",381,707,53.89
32,"50-fm-groundw-N-Intact","fm","groundw",50,"Intact","N","aliphatic",277,921,30.08
32,"50-fm-groundw-N-Intact","fm","groundw",50,"Intact","N","aromatic",100,921,10.86
32,"50-fm-groundw-N-Intact","fm","groundw",50,"Intact","N","condensed_arom",125,921,13.57
32,"50-fm-groundw-N-Intact","fm","groundw",50,"Intact","N","unsaturated/lignin",419,921,45.49
33,"1.5-drought-precip-C-Homogenized","drought","precip",1.5,"Homogenized","C","aliphatic",260,1158,22.45
33,"1.5-drought-precip-C-Homogenized","drought","precip",1.5,"Homogenized","C","aromatic",121,1158,10.45
33,"1.5-drought-precip-C-Homogenized","drought","precip",1.5,"Homogenized","C","condensed_arom",316,1158,27.29
33,"1.5-drought-precip-C-Homogenized","drought","precip",1.5,"Homogenized","C","unsaturated/lignin",461,1158,39.81
33,"1.5-drought-precip-C-Intact","drought","precip",1.5,"Intact","C","aliphatic",742,2130,34.84
33,"1.5-drought-precip-C-Intact","drought","precip",1.5,"Intact","C","aromatic",138,2130,6.48
33,"1.5-drought-precip-C-Intact","drought","precip",1.5,"Intact","C","condensed_arom",326,2130,15.31
33,"1.5-drought-precip-C-Intact","drought","precip",1.5,"Intact","C","unsaturated/lignin",924,2130,43.38
33,"50-drought-precip-C-Homogenized","drought","precip",50,"Homogenized","C","aliphatic",64,213,30.05
33,"50-drought-precip-C-Homogenized","drought","precip",50,"Homogenized","C","aromatic",17,213,7.98
33,"50-drought-precip-C-Homogenized","drought","precip",50,"Homogenized","C","condensed_arom",72,213,33.8
33,"50-drought-precip-C-Homogenized","drought","precip",50,"Homogenized","C","unsaturated/lignin",60,213,28.17
35,"1.5-fm-precip-C-Homogenized","fm","precip",1.5,"Homogenized","C","aliphatic",223,619,36.03
35,"1.5-fm-precip-C-Homogenized","fm","precip",1.5,"Homogenized","C","aromatic",60,619,9.69
35,"1.5-fm-precip-C-Homogenized","fm","precip",1.5,"Homogenized","C","condensed_arom",121,619,19.55
35,"1.5-fm-precip-C-Homogenized","fm","precip",1.5,"Homogenized","C","unsaturated/lignin",215,619,34.73
35,"1.5-fm-precip-C-Intact","fm","precip",1.5,"Intact","C","aliphatic",182,577,31.54
35,"1.5-fm-precip-C-Intact","fm","precip",1.5,"Intact","C","aromatic",13,577,2.25
35,"1.5-fm-precip-C-Intact","fm","precip",1.5,"Intact","C","condensed_arom",27,577,4.68
35,"1.5-fm-precip-C-Intact","fm","precip",1.5,"Intact","C","unsaturated/lignin",355,577,61.53
35,"50-fm-precip-C-Homogenized","fm","precip",50,"Homogenized","C","aliphatic",547,4116,13.29
35,"50-fm-precip-C-Homogenized","fm","precip",50,"Homogenized","C","aromatic",825,4116,20.04
35,"50-fm-precip-C-Homogenized","fm","precip",50,"Homogenized","C","condensed_arom",833,4116,20.24
35,"50-fm-precip-C-Homogenized","fm","precip",50,"Homogenized","C","unsaturated/lignin",1911,4116,46.43
35,"50-fm-precip-C-Intact","fm","precip",50,"Intact","C","aliphatic",678,2920,23.22
35,"50-fm-precip-C-Intact","fm","precip",50,"Intact","C","aromatic",369,2920,12.64
35,"50-fm-precip-C-Intact","fm","precip",50,"Intact","C","condensed_arom",260,2920,8.9
35,"50-fm-precip-C-Intact","fm","precip",50,"Intact","C","unsaturated/lignin",1613,2920,55.24
36,"1.5-drought-groundw-C-Intact","drought","groundw",1.5,"Intact","C","aliphatic",353,1737,20.32
36,"1.5-drought-groundw-C-Intact","drought","groundw",1.5,"Intact","C","aromatic",262,1737,15.08
36,"1.5-drought-groundw-C-Intact","drought","groundw",1.5,"Intact","C","condensed_arom",168,1737,9.67
36,"1.5-drought-groundw-C-Intact","drought","groundw",1.5,"Intact","C","unsaturated/lignin",954,1737,54.92
36,"50-drought-groundw-C-Homogenized","drought","groundw",50,"Homogenized","C","aliphatic",353,2580,13.68
36,"50-drought-groundw-C-Homogenized","drought","groundw",50,"Homogenized","C","aromatic",587,2580,22.75
36,"50-drought-groundw-C-Homogenized","drought","groundw",50,"Homogenized","C","condensed_arom",332,2580,12.87
36,"50-drought-groundw-C-Homogenized","drought","groundw",50,"Homogenized","C","unsaturated/lignin",1308,2580,50.7
36,"50-drought-groundw-C-Intact","drought","groundw",50,"Intact","C","aliphatic",587,2807,20.91
36,"50-drought-groundw-C-Intact","drought","groundw",50,"Intact","C","aromatic",537,2807,19.13
36,"50-drought-groundw-C-Intact","drought","groundw",50,"Intact","C","condensed_arom",272,2807,9.69
36,"50-drought-groundw-C-Intact","drought","groundw",50,"Intact","C","unsaturated/lignin",1411,2807,50.27
37,"1.5-fm-precip-control-Homogenized","fm","precip",1.5,"Homogenized","control","aliphatic",230,1024,22.46
37,"1.5-fm-precip-control-Homogenized","fm","precip",1.5,"Homogenized","control","aromatic",100,1024,9.77
37,"1.5-fm-precip-control-Homogenized","fm","precip",1.5,"Homogenized","control","condensed_arom",118,1024,11.52
37,"1.5-fm-precip-control-Homogenized","fm","precip",1.5,"Homogenized","control","unsaturated/lignin",576,1024,56.25
37,"1.5-fm-precip-control-Intact","fm","precip",1.5,"Intact","control","aliphatic",242,703,34.42
37,"1.5-fm-precip-control-Intact","fm","precip",1.5,"Intact","control","aromatic",71,703,10.1
37,"1.5-fm-precip-control-Intact","fm","precip",1.5,"Intact","control","condensed_arom",79,703,11.24
37,"1.5-fm-precip-control-Intact","fm","precip",1.5,"Intact","control","unsaturated/lignin",311,703,44.24
37,"50-fm-precip-control-Homogenized","fm","precip",50,"Homogenized","control","aliphatic",583,2283,25.54
37,"50-fm-precip-control-Homogenized","fm","precip",50,"Homogenized","control","aromatic",354,2283,15.51
37,"50-fm-precip-control-Homogenized","fm","precip",50,"Homogenized","control","condensed_arom",371,2283,16.25
37,"50-fm-precip-control-Homogenized","fm","precip",50,"Homogenized","control","unsaturated/lignin",975,2283,42.71
37,"50-fm-precip-control-Intact","fm","precip",50,"Intact","control","aliphatic",153,1017,15.04
37,"50-fm-precip-control-Intact","fm","precip",50,"Intact","control","aromatic",199,1017,19.57
37,"50-fm-precip-control-Intact","fm","precip",50,"Intact","control","condensed_arom",86,1017,8.46
37,"50-fm-precip-control-Intact","fm","precip",50,"Intact","control","unsaturated/lignin",579,1017,56.93
38,"1.5-fm-groundw-C-Homogenized","fm","groundw",1.5,"Homogenized","C","aliphatic",186,459,40.52
38,"1.5-fm-groundw-C-Homogenized","fm","groundw",1.5,"Homogenized","C","aromatic",10,459,2.18
38,"1.5-fm-groundw-C-Homogenized","fm","groundw",1.5,"Homogenized","C","condensed_arom",80,459,17.43
38,"1.5-fm-groundw-C-Homogenized","fm","groundw",1.5,"Homogenized","C","unsaturated/lignin",183,459,39.87
38,"1.5-fm-groundw-C-Intact","fm","groundw",1.5,"Intact","C","aliphatic",244,667,36.58
38,"1.5-fm-groundw-C-Intact","fm","groundw",1.5,"Intact","C","aromatic",40,667,6
38,"1.5-fm-groundw-C-Intact","fm","groundw",1.5,"Intact","C","condensed_arom",150,667,22.49
38,"1.5-fm-groundw-C-Intact","fm","groundw",1.5,"Intact","C","unsaturated/lignin",233,667,34.93
38,"50-fm-groundw-C-Homogenized","fm","groundw",50,"Homogenized","C","aliphatic",313,1523,20.55
38,"50-fm-groundw-C-Homogenized","fm","groundw",50,"Homogenized","C","aromatic",276,1523,18.12
38,"50-fm-groundw-C-Homogenized","fm","groundw",50,"Homogenized","C","condensed_arom",123,1523,8.08
38,"50-fm-groundw-C-Homogenized","fm","groundw",50,"Homogenized","C","unsaturated/lignin",811,1523,53.25
38,"50-fm-groundw-C-Intact","fm","groundw",50,"Intact","C","aliphatic",199,667,29.84
38,"50-fm-groundw-C-Intact","fm","groundw",50,"Intact","C","aromatic",14,667,2.1
38,"50-fm-groundw-C-Intact","fm","groundw",50,"Intact","C","condensed_arom",56,667,8.4
38,"50-fm-groundw-C-Intact","fm","groundw",50,"Intact","C","unsaturated/lignin",398,667,59.67
39,"1.5-drought-precip-control-Homogenized","drought","precip",1.5,"Homogenized","control","aliphatic",357,1757,20.32
39,"1.5-drought-precip-control-Homogenized","drought","precip",1.5,"Homogenized","control","aromatic",265,1757,15.08
39,"1.5-drought-precip-control-Homogenized","drought","precip",1.5,"Homogenized","control","condensed_arom",165,1757,9.39
39,"1.5-drought-precip-control-Homogenized","drought","precip",1.5,"Homogenized","control","unsaturated/lignin",970,1757,55.21
39,"1.5-drought-precip-control-Intact","drought","precip",1.5,"Intact","control","aliphatic",95,246,38.62
39,"1.5-drought-precip-control-Intact","drought","precip",1.5,"Intact","control","aromatic",8,246,3.25
39,"1.5-drought-precip-control-Intact","drought","precip",1.5,"Intact","control","condensed_arom",35,246,14.23
39,"1.5-drought-precip-control-Intact","drought","precip",1.5,"Intact","control","unsaturated/lignin",108,246,43.9
39,"50-drought-precip-control-Homogenized","drought","precip",50,"Homogenized","control","aliphatic",203,1394,14.56
39,"50-drought-precip-control-Homogenized","drought","precip",50,"Homogenized","control","aromatic",257,1394,18.44
39,"50-drought-precip-control-Homogenized","drought","precip",50,"Homogenized","control","condensed_arom",103,1394,7.39
39,"50-drought-precip-control-Homogenized","drought","precip",50,"Homogenized","control","unsaturated/lignin",831,1394,59.61
39,"50-drought-precip-control-Intact","drought","precip",50,"Intact","control","aliphatic",256,1613,15.87
39,"50-drought-precip-control-Intact","drought","precip",50,"Intact","control","aromatic",248,1613,15.38
39,"50-drought-precip-control-Intact","drought","precip",50,"Intact","control","condensed_arom",202,1613,12.52
39,"50-drought-precip-control-Intact","drought","precip",50,"Intact","control","unsaturated/lignin",907,1613,56.23
40,"1.5-drought-groundw-control-Homogenized","drought","groundw",1.5,"Homogenized","control","aliphatic",167,2264,7.38
40,"1.5-drought-groundw-control-Homogenized","drought","groundw",1.5,"Homogenized","control","aromatic",595,2264,26.28
40,"1.5-drought-groundw-control-Homogenized","drought","groundw",1.5,"Homogenized","control","condensed_arom",327,2264,14.44
40,"1.5-drought-groundw-control-Homogenized","drought","groundw",1.5,"Homogenized","control","unsaturated/lignin",1175,2264,51.9
40,"1.5-drought-groundw-control-Intact","drought","groundw",1.5,"Intact","control","aliphatic",241,941,25.61
40,"1.5-drought-groundw-control-Intact","drought","groundw",1.5,"Intact","control","aromatic",81,941,8.61
40,"1.5-drought-groundw-control-Intact","drought","groundw",1.5,"Intact","control","condensed_arom",218,941,23.17
40,"1.5-drought-groundw-control-Intact","drought","groundw",1.5,"Intact","control","unsaturated/lignin",401,941,42.61
40,"50-drought-groundw-control-Homogenized","drought","groundw",50,"Homogenized","control","aliphatic",249,2120,11.75
40,"50-drought-groundw-control-Homogenized","drought","groundw",50,"Homogenized","control","aromatic",454,2120,21.42
40,"50-drought-groundw-control-Homogenized","drought","groundw",50,"Homogenized","control","condensed_arom",181,2120,8.54
40,"50-drought-groundw-control-Homogenized","drought","groundw",50,"Homogenized","control","unsaturated/lignin",1236,2120,58.3
43,"1.5-drought-groundw-N-Homogenized","drought","groundw",1.5,"Homogenized","N","aliphatic",385,1730,22.25
43,"1.5-drought-groundw-N-Homogenized","drought","groundw",1.5,"Homogenized","N","aromatic",239,1730,13.82
43,"1.5-drought-groundw-N-Homogenized","drought","groundw",1.5,"Homogenized","N","condensed_arom",225,1730,13.01
43,"1.5-drought-groundw-N-Homogenized","drought","groundw",1.5,"Homogenized","N","unsaturated/lignin",881,1730,50.92
43,"50-drought-groundw-N-Homogenized","drought","groundw",50,"Homogenized","N","aliphatic",267,1394,19.15
43,"50-drought-groundw-N-Homogenized","drought","groundw",50,"Homogenized","N","aromatic",178,1394,12.77
43,"50-drought-groundw-N-Homogenized","drought","groundw",50,"Homogenized","N","condensed_arom",157,1394,11.26
43,"50-drought-groundw-N-Homogenized","drought","groundw",50,"Homogenized","N","unsaturated/lignin",792,1394,56.81
43,"50-drought-groundw-N-Intact","drought","groundw",50,"Intact","N","aliphatic",178,789,22.56
43,"50-drought-groundw-N-Intact","drought","groundw",50,"Intact","N","aromatic",77,789,9.76
43,"50-drought-groundw-N-Intact","drought","groundw",50,"Intact","N","condensed_arom",90,789,11.41
43,"50-drought-groundw-N-Intact","drought","groundw",50,"Intact","N","unsaturated/lignin",444,789,56.27
44,"1.5-fm-precip-N-Intact","fm","precip",1.5,"Intact","N","aliphatic",197,649,30.35
44,"1.5-fm-precip-N-Intact","fm","precip",1.5,"Intact","N","aromatic",48,649,7.4
44,"1.5-fm-precip-N-Intact","fm","precip",1.5,"Intact","N","condensed_arom",121,649,18.64
44,"1.5-fm-precip-N-Intact","fm","precip",1.5,"Intact","N","unsaturated/lignin",283,649,43.61
44,"50-fm-precip-N-Homogenized","fm","precip",50,"Homogenized","N","aliphatic",171,1055,16.21
44,"50-fm-precip-N-Homogenized","fm","precip",50,"Homogenized","N","aromatic",122,1055,11.56
44,"50-fm-precip-N-Homogenized","fm","precip",50,"Homogenized","N","condensed_arom",86,1055,8.15
44,"50-fm-precip-N-Homogenized","fm","precip",50,"Homogenized","N","unsaturated/lignin",676,1055,64.08
44,"50-fm-precip-N-Intact","fm","precip",50,"Intact","N","aliphatic",422,1339,31.52
44,"50-fm-precip-N-Intact","fm","precip",50,"Intact","N","aromatic",71,1339,5.3
44,"50-fm-precip-N-Intact","fm","precip",50,"Intact","N","condensed_arom",221,1339,16.5
44,"50-fm-precip-N-Intact","fm","precip",50,"Intact","N","unsaturated/lignin",625,1339,46.68
45,"1.5-drought-precip-N-Intact","drought","precip",1.5,"Intact","N","aliphatic",244,1213,20.12
45,"1.5-drought-precip-N-Intact","drought","precip",1.5,"Intact","N","aromatic",170,1213,14.01
45,"1.5-drought-precip-N-Intact","drought","precip",1.5,"Intact","N","condensed_arom",116,1213,9.56
45,"1.5-drought-precip-N-Intact","drought","precip",1.5,"Intact","N","unsaturated/lignin",683,1213,56.31
45,"50-drought-precip-N-Homogenized","drought","precip",50,"Homogenized","N","aliphatic",409,1682,24.32
45,"50-drought-precip-N-Homogenized","drought","precip",50,"Homogenized","N","aromatic",253,1682,15.04
45,"50-drought-precip-N-Homogenized","drought","precip",50,"Homogenized","N","condensed_arom",238,1682,14.15
45,"50-drought-precip-N-Homogenized","drought","precip",50,"Homogenized","N","unsaturated/lignin",782,1682,46.49
45,"50-drought-precip-N-Intact","drought","precip",50,"Intact","N","aliphatic",472,1420,33.24
45,"50-drought-precip-N-Intact","drought","precip",50,"Intact","N","aromatic",147,1420,10.35
45,"50-drought-precip-N-Intact","drought","precip",50,"Intact","N","condensed_arom",248,1420,17.46
45,"50-drought-precip-N-Intact","drought","precip",50,"Intact","N","unsaturated/lignin",553,1420,38.94
47,"1.5-fm-groundw-N-Homogenized","fm","groundw",1.5,"Homogenized","N","aliphatic",172,552,31.16
47,"1.5-fm-groundw-N-Homogenized","fm","groundw",1.5,"Homogenized","N","aromatic",43,552,7.79
47,"1.5-fm-groundw-N-Homogenized","fm","groundw",1.5,"Homogenized","N","condensed_arom",148,552,26.81
47,"1.5-fm-groundw-N-Homogenized","fm","groundw",1.5,"Homogenized","N","unsaturated/lignin",189,552,34.24
47,"1.5-fm-groundw-N-Intact","fm","groundw",1.5,"Intact","N","aliphatic",247,649,38.06
47,"1.5-fm-groundw-N-Intact","fm","groundw",1.5,"Intact","N","aromatic",24,649,3.7
47,"1.5-fm-groundw-N-Intact","fm","groundw",1.5,"Intact","N","condensed_arom",124,649,19.11
47,"1.5-fm-groundw-N-Intact","fm","groundw",1.5,"Intact","N","unsaturated/lignin",254,649,39.14
47,"50-fm-groundw-N-Intact","fm","groundw",50,"Intact","N","aliphatic",336,1355,24.8
47,"50-fm-groundw-N-Intact","fm","groundw",50,"Intact","N","aromatic",180,1355,13.28
47,"50-fm-groundw-N-Intact","fm","groundw",50,"Intact","N","condensed_arom",193,1355,14.24
47,"50-fm-groundw-N-Intact","fm","groundw",50,"Intact","N","unsaturated/lignin",646,1355,47.68
48,"1.5-fm-groundw-control-Homogenized","fm","groundw",1.5,"Homogenized","control","aliphatic",155,559,27.73
48,"1.5-fm-groundw-control-Homogenized","fm","groundw",1.5,"Homogenized","control","aromatic",24,559,4.29
48,"1.5-fm-groundw-control-Homogenized","fm","groundw",1.5,"Homogenized","control","condensed_arom",136,559,24.33
48,"1.5-fm-groundw-control-Homogenized","fm","groundw",1.5,"Homogenized","control","unsaturated/lignin",244,559,43.65
48,"1.5-fm-groundw-control-Intact","fm","groundw",1.5,"Intact","control","aliphatic",256,602,42.52
48,"1.5-fm-groundw-control-Intact","fm","groundw",1.5,"Intact","control","aromatic",29,602,4.82
48,"1.5-fm-groundw-control-Intact","fm","groundw",1.5,"Intact","control","condensed_arom",83,602,13.79
48,"1.5-fm-groundw-control-Intact","fm","groundw",1.5,"Intact","control","unsaturated/lignin",234,602,38.87
48,"50-fm-groundw-control-Homogenized","fm","groundw",50,"Homogenized","control","aliphatic",358,2521,14.2
48,"50-fm-groundw-control-Homogenized","fm","groundw",50,"Homogenized","control","aromatic",553,2521,21.94
48,"50-fm-groundw-control-Homogenized","fm","groundw",50,"Homogenized","control","condensed_arom",347,2521,13.76
48,"50-fm-groundw-control-Homogenized","fm","groundw",50,"Homogenized","control","unsaturated/lignin",1263,2521,50.1
48,"50-fm-groundw-control-Intact","fm","groundw",50,"Intact","control","aliphatic",288,1414,20.37
48,"50-fm-groundw-control-Intact","fm","groundw",50,"Intact","control","aromatic",247,1414,17.47
48,"50-fm-groundw-control-Intact","fm","groundw",50,"Intact","control","condensed_arom",107,1414,7.57
48,"50-fm-groundw-control-Intact","fm","groundw",50,"Intact","control","unsaturated/lignin",772,1414,54.6
50,"1.5-fm-precip-C-Homogenized","fm","precip",1.5,"Homogenized","C","aliphatic",301,771,39.04
50,"1.5-fm-precip-C-Homogenized","fm","precip",1.5,"Homogenized","C","aromatic",44,771,5.71
50,"1.5-fm-precip-C-Homogenized","fm","precip",1.5,"Homogenized","C","condensed_arom",135,771,17.51
50,"1.5-fm-precip-C-Homogenized","fm","precip",1.5,"Homogenized","C","unsaturated/lignin",291,771,37.74
50,"50-fm-precip-C-Homogenized","fm","precip",50,"Homogenized","C","aliphatic",552,4301,12.83
50,"50-fm-precip-C-Homogenized","fm","precip",50,"Homogenized","C","aromatic",937,4301,21.79
50,"50-fm-precip-C-Homogenized","fm","precip",50,"Homogenized","C","condensed_arom",923,4301,21.46
50,"50-fm-precip-C-Homogenized","fm","precip",50,"Homogenized","C","unsaturated/lignin",1889,4301,43.92
50,"50-fm-precip-C-Intact","fm","precip",50,"Intact","C","aliphatic",596,2496,23.88
50,"50-fm-precip-C-Intact","fm","precip",50,"Intact","C","aromatic",393,2496,15.75
50,"50-fm-precip-C-Intact","fm","precip",50,"Intact","C","condensed_arom",159,2496,6.37
50,"50-fm-precip-C-Intact","fm","precip",50,"Intact","C","unsaturated/lignin",1348,2496,54.01
51,"1.5-drought-precip-control-Homogenized","drought","precip",1.5,"Homogenized","control","aliphatic",84,549,15.3
51,"1.5-drought-precip-control-Homogenized","drought","precip",1.5,"Homogenized","control","aromatic",36,549,6.56
51,"1.5-drought-precip-control-Homogenized","drought","precip",1.5,"Homogenized","control","condensed_arom",59,549,10.75
51,"1.5-drought-precip-control-Homogenized","drought","precip",1.5,"Homogenized","control","unsaturated/lignin",370,549,67.4
51,"1.5-drought-precip-control-Intact","drought","precip",1.5,"Intact","control","aliphatic",226,973,23.23
51,"1.5-drought-precip-control-Intact","drought","precip",1.5,"Intact","control","aromatic",79,973,8.12
51,"1.5-drought-precip-control-Intact","drought","precip",1.5,"Intact","control","condensed_arom",99,973,10.17
51,"1.5-drought-precip-control-Intact","drought","precip",1.5,"Intact","control","unsaturated/lignin",569,973,58.48
51,"50-drought-precip-control-Intact","drought","precip",50,"Intact","control","aliphatic",220,1295,16.99
51,"50-drought-precip-control-Intact","drought","precip",50,"Intact","control","aromatic",182,1295,14.05
51,"50-drought-precip-control-Intact","drought","precip",50,"Intact","control","condensed_arom",138,1295,10.66
51,"50-drought-precip-control-Intact","drought","precip",50,"Intact","control","unsaturated/lignin",755,1295,58.3
52,"1.5-drought-groundw-control-Homogenized","drought","groundw",1.5,"Homogenized","control","aliphatic",271,2685,10.09
52,"1.5-drought-groundw-control-Homogenized","drought","groundw",1.5,"Homogenized","control","aromatic",616,2685,22.94
52,"1.5-drought-groundw-control-Homogenized","drought","groundw",1.5,"Homogenized","control","condensed_arom",509,2685,18.96
52,"1.5-drought-groundw-control-Homogenized","drought","groundw",1.5,"Homogenized","control","unsaturated/lignin",1289,2685,48.01
52,"1.5-drought-groundw-control-Intact","drought","groundw",1.5,"Intact","control","aliphatic",274,1054,26
52,"1.5-drought-groundw-control-Intact","drought","groundw",1.5,"Intact","control","aromatic",85,1054,8.06
52,"1.5-drought-groundw-control-Intact","drought","groundw",1.5,"Intact","control","condensed_arom",249,1054,23.62
52,"1.5-drought-groundw-control-Intact","drought","groundw",1.5,"Intact","control","unsaturated/lignin",446,1054,42.31
52,"50-drought-groundw-control-Homogenized","drought","groundw",50,"Homogenized","control","aliphatic",442,2520,17.54
52,"50-drought-groundw-control-Homogenized","drought","groundw",50,"Homogenized","control","aromatic",502,2520,19.92
52,"50-drought-groundw-control-Homogenized","drought","groundw",50,"Homogenized","control","condensed_arom",192,2520,7.62
52,"50-drought-groundw-control-Homogenized","drought","groundw",50,"Homogenized","control","unsaturated/lignin",1384,2520,54.92
52,"50-drought-groundw-control-Intact","drought","groundw",50,"Intact","control","aliphatic",106,884,11.99
52,"50-drought-groundw-control-Intact","drought","groundw",50,"Intact","control","aromatic",80,884,9.05
52,"50-drought-groundw-control-Intact","drought","groundw",50,"Intact","control","condensed_arom",192,884,21.72
52,"50-drought-groundw-control-Intact","drought","groundw",50,"Intact","control","unsaturated/lignin",506,884,57.24
53,"1.5-fm-precip-control-Homogenized","fm","precip",1.5,"Homogenized","control","aliphatic",624,1672,37.32
53,"1.5-fm-precip-control-Homogenized","fm","precip",1.5,"Homogenized","control","aromatic",153,1672,9.15
53,"1.5-fm-precip-control-Homogenized","fm","precip",1.5,"Homogenized","control","condensed_arom",259,1672,15.49
53,"1.5-fm-precip-control-Homogenized","fm","precip",1.5,"Homogenized","control","unsaturated/lignin",636,1672,38.04
53,"1.5-fm-precip-control-Intact","fm","precip",1.5,"Intact","control","aliphatic",218,659,33.08
53,"1.5-fm-precip-control-Intact","fm","precip",1.5,"Intact","control","aromatic",73,659,11.08
53,"1.5-fm-precip-control-Intact","fm","precip",1.5,"Intact","control","condensed_arom",123,659,18.66
53,"1.5-fm-precip-control-Intact","fm","precip",1.5,"Intact","control","unsaturated/lignin",245,659,37.18
53,"50-fm-precip-control-Homogenized","fm","precip",50,"Homogenized","control","aliphatic",520,1934,26.89
53,"50-fm-precip-control-Homogenized","fm","precip",50,"Homogenized","control","aromatic",341,1934,17.63
53,"50-fm-precip-control-Homogenized","fm","precip",50,"Homogenized","control","condensed_arom",177,1934,9.15
53,"50-fm-precip-control-Homogenized","fm","precip",50,"Homogenized","control","unsaturated/lignin",896,1934,46.33
53,"50-fm-precip-control-Intact","fm","precip",50,"Intact","control","aliphatic",420,1789,23.48
53,"50-fm-precip-control-Intact","fm","precip",50,"Intact","control","aromatic",264,1789,14.76
53,"50-fm-precip-control-Intact","fm","precip",50,"Intact","control","condensed_arom",278,1789,15.54
53,"50-fm-precip-control-Intact","fm","precip",50,"Intact","control","unsaturated/lignin",827,1789,46.23
54,"1.5-drought-precip-C-Homogenized","drought","precip",1.5,"Homogenized","C","aliphatic",230,875,26.29
54,"1.5-drought-precip-C-Homogenized","drought","precip",1.5,"Homogenized","C","aromatic",113,875,12.91
54,"1.5-drought-precip-C-Homogenized","drought","precip",1.5,"Homogenized","C","condensed_arom",273,875,31.2
54,"1.5-drought-precip-C-Homogenized","drought","precip",1.5,"Homogenized","C","unsaturated/lignin",259,875,29.6
54,"1.5-drought-precip-C-Intact","drought","precip",1.5,"Intact","C","aliphatic",500,1522,32.85
54,"1.5-drought-precip-C-Intact","drought","precip",1.5,"Intact","C","aromatic",187,1522,12.29
54,"1.5-drought-precip-C-Intact","drought","precip",1.5,"Intact","C","condensed_arom",139,1522,9.13
54,"1.5-drought-precip-C-Intact","drought","precip",1.5,"Intact","C","unsaturated/lignin",696,1522,45.73
54,"50-drought-precip-C-Homogenized","drought","precip",50,"Homogenized","C","aliphatic",250,2838,8.81
54,"50-drought-precip-C-Homogenized","drought","precip",50,"Homogenized","C","aromatic",723,2838,25.48
54,"50-drought-precip-C-Homogenized","drought","precip",50,"Homogenized","C","condensed_arom",662,2838,23.33
54,"50-drought-precip-C-Homogenized","drought","precip",50,"Homogenized","C","unsaturated/lignin",1203,2838,42.39
54,"50-drought-precip-C-Intact","drought","precip",50,"Intact","C","aliphatic",714,2823,25.29
54,"50-drought-precip-C-Intact","drought","precip",50,"Intact","C","aromatic",349,2823,12.36
54,"50-drought-precip-C-Intact","drought","precip",50,"Intact","C","condensed_arom",241,2823,8.54
54,"50-drought-precip-C-Intact","drought","precip",50,"Intact","C","unsaturated/lignin",1519,2823,53.81
55,"1.5-fm-groundw-C-Homogenized","fm","groundw",1.5,"Homogenized","C","aliphatic",454,1274,35.64
55,"1.5-fm-groundw-C-Homogenized","fm","groundw",1.5,"Homogenized","C","aromatic",121,1274,9.5
55,"1.5-fm-groundw-C-Homogenized","fm","groundw",1.5,"Homogenized","C","condensed_arom",189,1274,14.84
55,"1.5-fm-groundw-C-Homogenized","fm","groundw",1.5,"Homogenized","C","unsaturated/lignin",510,1274,40.03
55,"1.5-fm-groundw-C-Intact","fm","groundw",1.5,"Intact","C","aliphatic",323,800,40.38
55,"1.5-fm-groundw-C-Intact","fm","groundw",1.5,"Intact","C","aromatic",52,800,6.5
55,"1.5-fm-groundw-C-Intact","fm","groundw",1.5,"Intact","C","condensed_arom",145,800,18.12
55,"1.5-fm-groundw-C-Intact","fm","groundw",1.5,"Intact","C","unsaturated/lignin",280,800,35
55,"50-fm-groundw-C-Homogenized","fm","groundw",50,"Homogenized","C","aliphatic",343,1483,23.13
55,"50-fm-groundw-C-Homogenized","fm","groundw",50,"Homogenized","C","aromatic",273,1483,18.41
55,"50-fm-groundw-C-Homogenized","fm","groundw",50,"Homogenized","C","condensed_arom",290,1483,19.55
55,"50-fm-groundw-C-Homogenized","fm","groundw",50,"Homogenized","C","unsaturated/lignin",577,1483,38.91
55,"50-fm-groundw-C-Intact","fm","groundw",50,"Intact","C","aliphatic",433,1131,38.28
55,"50-fm-groundw-C-Intact","fm","groundw",50,"Intact","C","aromatic",46,1131,4.07
55,"50-fm-groundw-C-Intact","fm","groundw",50,"Intact","C","condensed_arom",88,1131,7.78
55,"50-fm-groundw-C-Intact","fm","groundw",50,"Intact","C","unsaturated/lignin",564,1131,49.87
56,"1.5-drought-groundw-C-Homogenized","drought","groundw",1.5,"Homogenized","C","aliphatic",303,1871,16.19
56,"1.5-drought-groundw-C-Homogenized","drought","groundw",1.5,"Homogenized","C","aromatic",412,1871,22.02
56,"1.5-drought-groundw-C-Homogenized","drought","groundw",1.5,"Homogenized","C","condensed_arom",263,1871,14.06
56,"1.5-drought-groundw-C-Homogenized","drought","groundw",1.5,"Homogenized","C","unsaturated/lignin",893,1871,47.73
56,"1.5-drought-groundw-C-Intact","drought","groundw",1.5,"Intact","C","aliphatic",441,1240,35.56
56,"1.5-drought-groundw-C-Intact","drought","groundw",1.5,"Intact","C","aromatic",105,1240,8.47
56,"1.5-drought-groundw-C-Intact","drought","groundw",1.5,"Intact","C","condensed_arom",125,1240,10.08
56,"1.5-drought-groundw-C-Intact","drought","groundw",1.5,"Intact","C","unsaturated/lignin",569,1240,45.89
56,"50-drought-groundw-C-Homogenized","drought","groundw",50,"Homogenized","C","aliphatic",399,3061,13.03
56,"50-drought-groundw-C-Homogenized","drought","groundw",50,"Homogenized","C","aromatic",713,3061,23.29
56,"50-drought-groundw-C-Homogenized","drought","groundw",50,"Homogenized","C","condensed_arom",579,3061,18.92
56,"50-drought-groundw-C-Homogenized","drought","groundw",50,"Homogenized","C","unsaturated/lignin",1370,3061,44.76
56,"50-drought-groundw-C-Intact","drought","groundw",50,"Intact","C","aliphatic",741,2713,27.31
56,"50-drought-groundw-C-Intact","drought","groundw",50,"Intact","C","aromatic",487,2713,17.95
56,"50-drought-groundw-C-Intact","drought","groundw",50,"Intact","C","condensed_arom",227,2713,8.37
56,"50-drought-groundw-C-Intact","drought","groundw",50,"Intact","C","unsaturated/lignin",1258,2713,46.37
58,"1.5-fm-precip-N-Homogenized","fm","precip",1.5,"Homogenized","N","aliphatic",192,741,25.91
58,"1.5-fm-precip-N-Homogenized","fm","precip",1.5,"Homogenized","N","aromatic",24,741,3.24
58,"1.5-fm-precip-N-Homogenized","fm","precip",1.5,"Homogenized","N","condensed_arom",71,741,9.58
58,"1.5-fm-precip-N-Homogenized","fm","precip",1.5,"Homogenized","N","unsaturated/lignin",454,741,61.27
58,"1.5-fm-precip-N-Intact","fm","precip",1.5,"Intact","N","aliphatic",173,625,27.68
58,"1.5-fm-precip-N-Intact","fm","precip",1.5,"Intact","N","aromatic",51,625,8.16
58,"1.5-fm-precip-N-Intact","fm","precip",1.5,"Intact","N","condensed_arom",114,625,18.24
58,"1.5-fm-precip-N-Intact","fm","precip",1.5,"Intact","N","unsaturated/lignin",287,625,45.92
58,"50-fm-precip-N-Intact","fm","precip",50,"Intact","N","aliphatic",306,1345,22.75
58,"50-fm-precip-N-Intact","fm","precip",50,"Intact","N","aromatic",126,1345,9.37
58,"50-fm-precip-N-Intact","fm","precip",50,"Intact","N","condensed_arom",216,1345,16.06
58,"50-fm-precip-N-Intact","fm","precip",50,"Intact","N","unsaturated/lignin",697,1345,51.82
59,"1.5-drought-groundw-N-Homogenized","drought","groundw",1.5,"Homogenized","N","aliphatic",331,1082,30.59
59,"1.5-drought-groundw-N-Homogenized","drought","groundw",1.5,"Homogenized","N","aromatic",99,1082,9.15
59,"1.5-drought-groundw-N-Homogenized","drought","groundw",1.5,"Homogenized","N","condensed_arom",127,1082,11.74
59,"1.5-drought-groundw-N-Homogenized","drought","groundw",1.5,"Homogenized","N","unsaturated/lignin",525,1082,48.52
59,"1.5-drought-groundw-N-Intact","drought","groundw",1.5,"Intact","N","aliphatic",471,1293,36.43
59,"1.5-drought-groundw-N-Intact","drought","groundw",1.5,"Intact","N","aromatic",138,1293,10.67
59,"1.5-drought-groundw-N-Intact","drought","groundw",1.5,"Intact","N","condensed_arom",131,1293,10.13
59,"1.5-drought-groundw-N-Intact","drought","groundw",1.5,"Intact","N","unsaturated/lignin",553,1293,42.77
59,"50-drought-groundw-N-Homogenized","drought","groundw",50,"Homogenized","N","aliphatic",215,961,22.37
59,"50-drought-groundw-N-Homogenized","drought","groundw",50,"Homogenized","N","aromatic",91,961,9.47
59,"50-drought-groundw-N-Homogenized","drought","groundw",50,"Homogenized","N","condensed_arom",142,961,14.78
59,"50-drought-groundw-N-Homogenized","drought","groundw",50,"Homogenized","N","unsaturated/lignin",513,961,53.38
59,"50-drought-groundw-N-Intact","drought","groundw",50,"Intact","N","aliphatic",240,931,25.78
59,"50-drought-groundw-N-Intact","drought","groundw",50,"Intact","N","aromatic",76,931,8.16
59,"50-drought-groundw-N-Intact","drought","groundw",50,"Intact","N","condensed_arom",130,931,13.96
59,"50-drought-groundw-N-Intact","drought","groundw",50,"Intact","N","unsaturated/lignin",485,931,52.09
60,"1.5-fm-groundw-control-Homogenized","fm","groundw",1.5,"Homogenized","control","aliphatic",223,917,24.32
60,"1.5-fm-groundw-control-Homogenized","fm","groundw",1.5,"Homogenized","control","aromatic",79,917,8.62
60,"1.5-fm-groundw-control-Homogenized","fm","groundw",1.5,"Homogenized","control","condensed_arom",153,917,16.68
60,"1.5-fm-groundw-control-Homogenized","fm","groundw",1.5,"Homogenized","control","unsaturated/lignin",462,917,50.38
60,"1.5-fm-groundw-control-Intact","fm","groundw",1.5,"Intact","control","aliphatic",307,865,35.49
60,"1.5-fm-groundw-control-Intact","fm","groundw",1.5,"Intact","control","aromatic",30,865,3.47
60,"1.5-fm-groundw-control-Intact","fm","groundw",1.5,"Intact","control","condensed_arom",183,865,21.16
60,"1.5-fm-groundw-control-Intact","fm","groundw",1.5,"Intact","control","unsaturated/lignin",345,865,39.88
60,"50-fm-groundw-control-Homogenized","fm","groundw",50,"Homogenized","control","aliphatic",374,1173,31.88
60,"50-fm-groundw-control-Homogenized","fm","groundw",50,"Homogenized","control","aromatic",96,1173,8.18
60,"50-fm-groundw-control-Homogenized","fm","groundw",50,"Homogenized","control","condensed_arom",120,1173,10.23
60,"50-fm-groundw-control-Homogenized","fm","groundw",50,"Homogenized","control","unsaturated/lignin",583,1173,49.7
62,"1.5-drought-precip-N-Homogenized","drought","precip",1.5,"Homogenized","N","aliphatic",272,1500,18.13
62,"1.5-drought-precip-N-Homogenized","drought","precip",1.5,"Homogenized","N","aromatic",246,1500,16.4
62,"1.5-drought-precip-N-Homogenized","drought","precip",1.5,"Homogenized","N","condensed_arom",241,1500,16.07
62,"1.5-drought-precip-N-Homogenized","drought","precip",1.5,"Homogenized","N","unsaturated/lignin",741,1500,49.4
62,"1.5-drought-precip-N-Intact","drought","precip",1.5,"Intact","N","aliphatic",413,1364,30.28
62,"1.5-drought-precip-N-Intact","drought","precip",1.5,"Intact","N","aromatic",126,1364,9.24
62,"1.5-drought-precip-N-Intact","drought","precip",1.5,"Intact","N","condensed_arom",216,1364,15.84
62,"1.5-drought-precip-N-Intact","drought","precip",1.5,"Intact","N","unsaturated/lignin",609,1364,44.65
62,"50-drought-precip-N-Homogenized","drought","precip",50,"Homogenized","N","aliphatic",448,2801,15.99
62,"50-drought-precip-N-Homogenized","drought","precip",50,"Homogenized","N","aromatic",616,2801,21.99
62,"50-drought-precip-N-Homogenized","drought","precip",50,"Homogenized","N","condensed_arom",392,2801,14
62,"50-drought-precip-N-Homogenized","drought","precip",50,"Homogenized","N","unsaturated/lignin",1345,2801,48.02
62,"50-drought-precip-N-Intact","drought","precip",50,"Intact","N","aliphatic",346,1545,22.39
62,"50-drought-precip-N-Intact","drought","precip",50,"Intact","N","aromatic",221,1545,14.3
62,"50-drought-precip-N-Intact","drought","precip",50,"Intact","N","condensed_arom",151,1545,9.77
62,"50-drought-precip-N-Intact","drought","precip",50,"Intact","N","unsaturated/lignin",827,1545,53.53
63,"1.5-fm-groundw-N-Homogenized","fm","groundw",1.5,"Homogenized","N","aliphatic",180,569,31.63
63,"1.5-fm-groundw-N-Homogenized","fm","groundw",1.5,"Homogenized","N","aromatic",40,569,7.03
63,"1.5-fm-groundw-N-Homogenized","fm","groundw",1.5,"Homogenized","N","condensed_arom",139,569,24.43
63,"1.5-fm-groundw-N-Homogenized","fm","groundw",1.5,"Homogenized","N","unsaturated/lignin",210,569,36.91
63,"1.5-fm-groundw-N-Intact","fm","groundw",1.5,"Intact","N","aliphatic",163,393,41.48
63,"1.5-fm-groundw-N-Intact","fm","groundw",1.5,"Intact","N","aromatic",22,393,5.6
63,"1.5-fm-groundw-N-Intact","fm","groundw",1.5,"Intact","N","condensed_arom",78,393,19.85
63,"1.5-fm-groundw-N-Intact","fm","groundw",1.5,"Intact","N","unsaturated/lignin",130,393,33.08
63,"50-fm-groundw-N-Homogenized","fm","groundw",50,"Homogenized","N","aliphatic",179,666,26.88
63,"50-fm-groundw-N-Homogenized","fm","groundw",50,"Homogenized","N","aromatic",29,666,4.35
63,"50-fm-groundw-N-Homogenized","fm","groundw",50,"Homogenized","N","condensed_arom",109,666,16.37
63,"50-fm-groundw-N-Homogenized","fm","groundw",50,"Homogenized","N","unsaturated/lignin",349,666,52.4
63,"50-fm-groundw-N-Intact","fm","groundw",50,"Intact","N","aliphatic",193,515,37.48
63,"50-fm-groundw-N-Intact","fm","groundw",50,"Intact","N","aromatic",13,515,2.52
63,"50-fm-groundw-N-Intact","fm","groundw",50,"Intact","N","condensed_arom",79,515,15.34
63,"50-fm-groundw-N-Intact","fm","groundw",50,"Intact","N","unsaturated/lignin",230,515,44.66
